<?xml version="1.0" encoding="UTF-8"?>
<project-private xmlns="http://www.netbeans.org/ns/project-private/1">
    <editor-bookmarks xmlns="http://www.netbeans.org/ns/editor-bookmarks/2" lastBookmarkId="0"/>
    <open-files xmlns="http://www.netbeans.org/ns/projectui-open-files/2">
        <group>
            <file>file:/C:/Users/p10277561/Documents/NetBeansProjects/Movie_project_basic/NovusMovieProject%20-%20Part%201/ClassLayer/src/ClassLayer/Films.java</file>
            <file>file:/C:/Users/p10277561/Documents/NetBeansProjects/Movie_project_basic/NovusMovieProject%20-%20Part%201/ClassLayer/src/ClassLayer/SimplisticFilm.java</file>
            <file>file:/C:/Users/p10277561/Documents/NetBeansProjects/Movie_project_basic/NovusMovieProject%20-%20Part%201/ClassLayer/src/ClassLayer/Film.java</file>
        </group>
    </open-files>
</project-private>
